nombre_ligando, nombre_atomo_ligando, nombre_atomo_proteina, resname_proteina, resname_secuence_id_protein, distancia
9001204_out_out_02,O2,N,LYS,16,3.0462
9001204_out_out_02,O3,OH,TYR,73,3.10579
9001204_out_out_01,O2,N,SER,92,2.94876
70560_out_out_02,O2,NZ,LYS,39,3.09638
70560_out_out_02,O3,OG,SER,17,3.10497
70560_out_out_01,O1,OG,SER,90,3.21299
70560_out_out_01,O2,N,SER,92,3.18984
70560_out_out_01,O4,N,SER,92,3.04582
70560_out_out_01,O5,OG,SER,92,3.02287
16882_out_out_01,O1,OH,TYR,73,2.70907
16882_out_out_02,O1,NZ,LYS,39,3.02774
80772_out_out_01,O,OH,TYR,73,3.18208
80772_out_out_01,O,N,ILE,88,3.23021
80772_out_out_02,O,NZ,LYS,39,3.21013
80772_out_out_02,N,OH,TYR,73,3.09581
10008385_out_out_01,O2,OG,SER,90,2.68935
10008385_out_out_01,O3,O,GLN,86,2.76832
10008385_out_out_01,O4,NZ,LYS,39,3.14395
10008385_out_out_01,O5,OG,SER,17,3.22681
10008385_out_out_02,O2,OH,TYR,73,3.30533
10008385_out_out_02,O3,O,GLU,150,3.28138
10008385_out_out_02,O5,N,SER,92,3.01391
10008385_out_out_02,O1,O,GLN,86,2.87163
10010103_out_out_02,O4,O,GLN,86,2.921
10010103_out_out_02,O2,O,ILE,88,2.81423
10010103_out_out_02,O5,NZ,LYS,39,2.89418
10010103_out_out_01,O4,O,GLU,150,2.69771
10010103_out_out_01,O2,N,SER,92,3.12998
10010103_out_out_01,O5,OH,TYR,73,2.9904
10010103_out_out_01,O3,OG,SER,90,2.89275
9000249_out_out_02,O3,OH,TYR,73,3.12948
9000249_out_out_02,O2,NZ,LYS,39,3.21636
9000249_out_out_02,O1,NZ,LYS,39,2.96608
9000249_out_out_02,O7,N,SER,92,3.10654
9000249_out_out_02,O6,N,SER,92,2.95676
9000249_out_out_01,O2,NZ,LYS,39,3.31721
9000249_out_out_01,O7,N,SER,92,3.04563
9000249_out_out_01,O6,O,GLU,150,3.49567
10009134_out_out_02,N1,OH,TYR,73,3.19283
10009134_out_out_02,O1,O,ILE,88,3.06238
10009134_out_out_02,O2,N,ASP,164,3.40075
10009134_out_out_02,O3,NZ,LYS,39,2.92557
10009134_out_out_01,N1,N,ASP,164,3.12104
10009134_out_out_01,O3,NZ,LYS,39,2.84166
10009134_out_out_01,O4,OG,SER,17,3.1003
10005229_out_out_02,O1,OH,TYR,73,3.18115
10005229_out_out_02,O2,OD1,ASP,164,2.71267
10005229_out_out_01,O1,OH,TYR,73,3.08611
10005229_out_out_01,O2,OD1,ASP,164,2.82133
10009028_out_out_01,N2,O,ILE,88,3.05466
10009028_out_out_01,O3,OG,SER,92,3.25601
10009028_out_out_01,O4,OG,SER,92,3.0822
10009028_out_out_02,N2,O,ILE,88,2.96086
10009028_out_out_02,N3,N,SER,92,3.32639
10009028_out_out_02,O4,OG,SER,92,2.88198
10006309_out_out_01,N1,OG,SER,92,3.28685
9001949_out_out_01,O1,N,SER,92,2.9055
9001949_out_out_01,O2,NZ,LYS,39,3.12903
9001949_out_out_02,O1,N,ASP,164,3.05935
9001949_out_out_02,O2,N,SER,92,2.92523
80345_out_out_02,O,NZ,LYS,39,3.01898
80345_out_out_02,N,O,ILE,88,3.18075
80345_out_out_02,N,N,ILE,88,2.97729
80345_out_out_01,N,NZ,LYS,39,3.2583
9002737_out_out_02,O2,O,GLU,150,3.41242
9002737_out_out_01,O3,N,SER,92,2.8349
9002686_out_out_01,O5,O,GLU,150,3.3575
9002686_out_out_01,O3,NZ,LYS,39,3.26358
9002686_out_out_01,O2,O,ILE,88,2.89338
9002686_out_out_02,O4,OG,SER,17,3.11957
9002686_out_out_02,O5,OG,SER,17,3.02826
9002686_out_out_02,O3,NZ,LYS,39,3.31498
9002686_out_out_02,O2,O,ILE,88,2.77314
314840_out_out_01,O4,OH,TYR,73,2.77603
314840_out_out_01,O6,OG,SER,90,2.92511
314840_out_out_02,O3,OH,TYR,73,2.95462
314840_out_out_02,O5,O,ILE,88,3.11534
314840_out_out_02,O4,O,GLN,86,2.76521
314840_out_out_02,O2,O,GLU,150,2.79892
314840_out_out_02,O6,O,ILE,88,2.94789
10008652_out_out_01,O3,OH,TYR,73,2.92431
10008652_out_out_02,O4,OG,SER,92,3.17189
10008652_out_out_02,O3,O,GLU,150,2.98408
10008652_out_out_02,O1,O,ILE,88,2.70771
70680_out_out_01,O1,OH,TYR,73,2.89861
70680_out_out_02,O1,N,LEU,76,2.99806
70680_out_out_02,O2,N,GLN,86,3.26182
9001526_out_out_01,N4,O,GLU,150,3.10123
9001526_out_out_02,N4,O,SER,90,3.05679
9001526_out_out_02,O2,OG,SER,90,2.94507
10009898_out_out_01,O2,OG,SER,90,2.66639
10009898_out_out_01,O4,O,SER,90,3.11798
80475_out_out_01,O,OH,TYR,73,2.94096
80475_out_out_01,O,N,ILE,88,2.80252
80475_out_out_01,N,O,GLU,150,3.22433
80475_out_out_02,O,N,ILE,88,2.78024
80475_out_out_02,N,O,GLU,150,3.32629
80475_out_out_02,O,OH,TYR,73,2.99394
9001234_out_out_01,N1,OH,TYR,73,3.18078
9001234_out_out_01,O2,OD2,ASP,47,2.85841
9001234_out_out_02,N1,OH,TYR,73,3.28542
9001234_out_out_02,O2,NZ,LYS,39,3.28358
9000288_out_out_02,O3,OH,TYR,73,3.25573
9000288_out_out_02,O5,OD2,ASP,47,2.79667
9000288_out_out_02,O2,O,ILE,88,2.70824
9000288_out_out_01,O3,NZ,LYS,39,3.01471
9000288_out_out_01,O4,N,ILE,88,3.12199
9000288_out_out_01,O5,O,ILE,88,2.85708
390050_out_out_02,O2,NZ,LYS,39,3.18228
390050_out_out_02,O1,NZ,LYS,39,2.93888
390050_out_out_01,N1,OD1,ASP,164,2.87033
390050_out_out_01,O2,NZ,LYS,39,3.26105
390050_out_out_01,O1,OD1,ASP,47,2.91236
9003568_out_out_01,N1,OH,TYR,73,3.37464
9003568_out_out_01,O3,OH,TYR,73,3.06664
9003568_out_out_01,O4,NZ,LYS,39,3.28073
10009642_out_out_02,N2,NZ,LYS,39,3.23836
10009642_out_out_02,O3,N,SER,92,3.12771
10009642_out_out_02,O4,O,SER,90,2.95142
10009642_out_out_02,O5,N,ILE,88,3.02224
10009642_out_out_02,O6,O,GLN,86,2.74146
10009642_out_out_01,N2,NZ,LYS,39,3.27969
10009642_out_out_01,O3,N,SER,92,3.14957
10009642_out_out_01,O4,OG,SER,90,2.87633
10009642_out_out_01,O5,N,ILE,88,2.9742
10009642_out_out_01,O6,O,GLN,86,2.76874
10010061_out_out_01,F1,O,GLU,150,3.16149
10010061_out_out_01,O1,O,GLN,86,2.81712
10010061_out_out_01,O2,O,ILE,88,2.759
10010061_out_out_01,O4,NZ,LYS,39,2.8673
10010061_out_out_02,O1,OG,SER,90,2.80169
10010061_out_out_02,O2,O,GLN,86,2.87053
10010061_out_out_02,O4,NZ,LYS,39,3.14503
10010061_out_out_02,O3,OH,TYR,73,3.01158
10010102_out_out_01,O3,N,ILE,88,2.99269
10010102_out_out_01,O2,O,ILE,88,2.92249
10010102_out_out_01,O5,O,GLU,150,3.3543
10010102_out_out_02,O2,N,ILE,88,2.80475
10010102_out_out_02,O5,N,ASP,164,3.13624
10010102_out_out_02,O6,NZ,LYS,39,3.1064
10004224_out_out_02,O1,NZ,LYS,39,3.01502
10004224_out_out_02,O2,OH,TYR,73,3.13412
10004224_out_out_02,O3,O,SER,90,3.21154
10004224_out_out_02,O4,O,ILE,88,2.96207
10004224_out_out_01,O1,O,ILE,88,3.49928
10004224_out_out_01,O4,OH,TYR,73,2.72305
10008663_out_out_01,N2,OG,SER,92,3.10511
10008663_out_out_01,N3,N,SER,92,3.13541
10008663_out_out_01,O1,OG1,THR,91,3.20432
10008663_out_out_02,N3,OH,TYR,34,3.08972
10008663_out_out_02,O1,OH,TYR,34,2.98995
10008602_out_out_02,N1,OH,TYR,73,2.97756
10008602_out_out_02,O3,OH,TYR,73,2.78417
10008602_out_out_02,O1,O,SER,90,3.106
10008602_out_out_01,O2,N,ASP,164,3.20415
10008602_out_out_01,O3,OD2,ASP,47,2.71989
10008602_out_out_01,O1,O,GLU,150,2.95483
16664_out_out_01,N1,OG,SER,92,3.14523
10005223_out_out_02,O1,NZ,LYS,39,3.05773
10005223_out_out_02,O2,O,GLU,150,3.07761
10005223_out_out_01,O2,OG,SER,17,3.1636
70935_out_out_01,O6,OH,TYR,73,3.1308
70935_out_out_01,O11,NZ,LYS,39,3.11
70935_out_out_01,O10,OD1,ASP,47,3.08415
70935_out_out_01,O3,OG,SER,17,3.07401
70935_out_out_01,O8,NZ,LYS,39,3.01598
70935_out_out_01,O4,N,SER,92,3.21353
70935_out_out_02,O6,OH,TYR,73,3.26856
70935_out_out_02,O10,OD2,ASP,47,3.19375
70935_out_out_02,O9,NZ,LYS,39,3.14017
70935_out_out_02,O3,OG,SER,17,3.13778
70935_out_out_02,O8,NZ,LYS,39,2.96134
70935_out_out_02,O4,N,SER,92,3.03796
10007780_out_out_02,O7,N,ASP,164,2.82962
10007780_out_out_02,O8,NZ,LYS,39,3.28186
10007780_out_out_02,O1,O,GLU,150,2.89341
10007780_out_out_02,O3,O,GLU,150,3.11204
10007780_out_out_02,O11,N,ILE,88,3.29238
10007780_out_out_01,O8,O,SER,90,3.38655
10007780_out_out_01,O9,OG,SER,90,2.74952
10007780_out_out_01,O12,O,ILE,88,3.00402
10010744_out_out_02,N2,O,GLU,150,3.16063
10010744_out_out_02,N3,O,GLU,150,2.9964
16981_out_out_02,O1,OD2,ASP,47,2.94073
16981_out_out_01,O1,O,SER,90,2.93559
9003239_out_out_01,N1,OG,SER,92,3.34591
9003239_out_out_01,O2,O,SER,90,2.86191
9003239_out_out_02,O1,N,SER,92,3.05344
9003239_out_out_02,O2,OG,SER,90,3.05207
9003239_out_out_02,N4,N,ILE,88,3.19009
9003239_out_out_02,N5,N,ILE,88,3.372
10008933_out_out_01,O3,OD2,ASP,47,3.2946
10008933_out_out_01,O1,O,SER,90,2.80366
10008933_out_out_02,O2,O,SER,90,3.26815
10008933_out_out_02,O1,OH,TYR,73,2.75561
10009857_out_out_01,N2,O,GLU,150,3.35269
10009857_out_out_01,O1,OH,TYR,73,3.24401
10009857_out_out_01,O2,OH,TYR,73,2.98094
10009857_out_out_02,O4,N,SER,92,3.23446
10009857_out_out_02,O5,OE2,GLU,150,3.35677
10009857_out_out_02,O2,N,ASP,164,3.33214
10009195_out_out_02,O2,O,ILE,88,3.4647
10009195_out_out_01,O2,O,ILE,88,2.87504
90011_out_out_01,O1,OD2,ASP,47,3.41737
90011_out_out_01,O2,OH,TYR,73,2.9171
90011_out_out_02,O1,OG,SER,17,3.19213
90011_out_out_02,O2,OG,SER,17,3.17838
9002438_out_out_01,O1,O,SER,90,2.93499
9002438_out_out_02,O1,O,SER,90,3.11888
71770_out_out_01,O1,N,SER,92,3.02126
71770_out_out_01,O2,NZ,LYS,99,3.07785
71770_out_out_02,O2,OH,TYR,73,2.82398
80234_out_out_01,F,O,GLN,86,3.47375
80234_out_out_01,O,O,ILE,88,3.09232
80234_out_out_01,O,OE2,GLU,150,3.29379
80234_out_out_01,N,O,GLU,150,3.09722
80234_out_out_02,F,OH,TYR,73,3.2527
80234_out_out_02,N,O,ILE,88,2.77074
80234_out_out_02,F,N,SER,92,3.20536
80234_out_out_02,N,O,ILE,88,2.99708
10008294_out_out_02,O3,N,ILE,88,2.82213
10008294_out_out_02,O4,O,GLU,150,3.37436
10008294_out_out_02,O5,O,GLU,150,2.9491
10008294_out_out_01,O2,N,GLN,86,3.34392
90262_out_out_02,O2,O,SER,90,3.0639
90262_out_out_01,O2,NZ,LYS,39,2.99739
10008672_out_out_02,O1,O,GLU,150,3.37048
10008672_out_out_02,N1,O,GLU,150,3.13741
10008672_out_out_02,F1,O,ILE,88,3.49908
10008672_out_out_02,F2,O,GLN,86,3.09021
10008672_out_out_02,F3,N,ILE,88,2.80149
10008672_out_out_01,O1,O,GLU,150,3.3668
10008672_out_out_01,N1,OD2,ASP,164,2.94006
10008672_out_out_01,F1,O,ILE,88,3.22784
10008672_out_out_01,F2,O,ILE,88,3.1944
10008672_out_out_01,F3,N,ILE,88,2.8898
10010460_out_out_01,O3,O,GLN,86,2.89987
10010460_out_out_01,O4,OG,SER,17,2.9542
10010460_out_out_02,O2,N,ASP,164,2.90321
10010460_out_out_02,N1,O,GLU,150,3.14863
10010460_out_out_02,O1,NZ,LYS,39,3.20052
35467_out_out_01,O2,OG,SER,90,2.75794
90192_out_out_02,O1,O,SER,90,3.35592
90192_out_out_02,O2,O,ILE,88,2.84957
90192_out_out_01,O2,OH,TYR,73,2.98369
10011721_out_out_02,O4,OG,SER,17,3.13515
10011721_out_out_02,O5,NZ,LYS,39,3.16789
10011721_out_out_02,O1,N,SER,92,3.33143
10011721_out_out_02,O2,O,ILE,88,2.95781
10011721_out_out_01,O5,O,ILE,88,2.70468
10011721_out_out_01,O1,OH,TYR,73,2.75264
10011721_out_out_01,O2,NZ,LYS,39,3.22787
9003558_out_out_01,O2,OG,SER,17,3.11045
9003558_out_out_01,O3,NZ,LYS,39,3.06746
9003558_out_out_01,O1,O,ILE,88,2.87688
9003558_out_out_02,O2,N,SER,92,2.96078
9003558_out_out_02,O3,OG,SER,90,2.83554
9003558_out_out_02,O1,O,ILE,88,3.01686
81500_out_out_01,N3,O,SER,90,3.1438
81500_out_out_01,N4,O,SER,90,3.11215
81500_out_out_01,N2,OH,TYR,73,2.88044
81500_out_out_02,N3,O,GLU,150,3.28073
81500_out_out_02,N2,OH,TYR,73,2.80438
35609_out_out_02,O3,N,SER,92,3.1938
35609_out_out_02,O1,OD2,ASP,47,3.18219
35609_out_out_01,O3,OD2,ASP,47,2.85935
35609_out_out_01,O5,N,ASP,164,2.8158
35609_out_out_01,O1,O,SER,90,2.71636
71650_out_out_02,O1,N,SER,92,3.20817
71650_out_out_01,O1,N,ASP,164,3.25562
71650_out_out_01,N2,NZ,LYS,39,3.26026
35566_out_out_02,N4,O,GLU,150,3.18804
35566_out_out_02,O3,OD2,ASP,47,3.1139
35566_out_out_01,N4,OG,SER,90,3.11811
35566_out_out_01,O2,N,SER,92,3.10386
35566_out_out_01,O3,OD2,ASP,47,3.06084
9003450_out_out_02,O4,OH,TYR,73,3.12918
9003450_out_out_02,O8,N,ASP,164,3.27846
9003450_out_out_02,O6,OH,TYR,73,2.8729
9003450_out_out_01,O1,OH,TYR,73,3.32526
9003450_out_out_01,O8,N,SER,92,2.91737
9003450_out_out_01,O6,OG,SER,92,2.82205
9000142_out_out_02,O1,NZ,LYS,39,3.10333
9000142_out_out_02,O3,N,SER,92,3.03722
9000142_out_out_02,O4,O,SER,90,2.89412
9000142_out_out_02,O2,O,ILE,88,3.48929
9000142_out_out_01,O1,O,ILE,88,2.71089
9000142_out_out_01,O3,NZ,LYS,39,3.17704
9000142_out_out_01,O2,N,ASP,164,2.96984
10007978_out_out_02,O2,OH,TYR,73,2.85906
10007978_out_out_02,O5,N,SER,92,3.10225
10007978_out_out_02,O4,N,SER,92,3.04418
10007978_out_out_02,O3,N,ILE,88,2.84353
10007978_out_out_02,O1,NZ,LYS,39,3.32792
10007978_out_out_01,O5,OH,TYR,73,2.91477
10007978_out_out_01,O1,O,ILE,88,2.8234
80123_out_out_02,F,O,GLN,86,3.10304
80123_out_out_02,F,N,ILE,88,3.2661
80123_out_out_02,N,O,GLU,150,3.26814
80123_out_out_01,F,OH,TYR,73,3.4203
80123_out_out_01,F,OD2,ASP,47,2.73486
80123_out_out_01,N,NZ,LYS,39,3.07782
80123_out_out_01,N,O,GLU,150,3.14487
80123_out_out_01,O,NZ,LYS,39,3.18716
80123_out_out_01,O,OD2,ASP,47,3.23517
70664_out_out_01,O1,OH,TYR,73,2.73909
70664_out_out_02,F1,OH,TYR,73,3.11951
70664_out_out_02,O2,N,ASP,164,3.39553
90330_out_out_01,O2,OH,TYR,73,2.89516
90330_out_out_02,O2,OH,TYR,73,2.76493
312010_out_out_02,O3,OG,SER,90,2.70122
312010_out_out_02,O5,N,ILE,88,3.0302
312010_out_out_02,O4,O,ILE,88,2.71157
312010_out_out_02,O1,O,GLU,150,2.9703
312010_out_out_01,O2,O,SER,90,3.02343
312010_out_out_01,O3,O,GLN,86,2.76542
312010_out_out_01,O5,OG,SER,17,3.09118
312010_out_out_01,O4,NZ,LYS,39,3.14035
9001453_out_out_02,O2,NZ,LYS,39,3.20772
9001453_out_out_02,O3,OD2,ASP,47,3.04009
9001453_out_out_01,O2,OD2,ASP,47,3.42236
9001453_out_out_01,O3,OD2,ASP,47,2.83956
35266_out_out_01,O2,OG,SER,90,2.69957
10010558_out_out_01,O2,N,ASP,164,3.35446
10010558_out_out_01,N4,OG,SER,17,3.13261
10010558_out_out_01,N5,NZ,LYS,39,3.00138
10010558_out_out_02,N1,NZ,LYS,39,3.25459
10010558_out_out_02,N4,OD2,ASP,47,3.25131
10010558_out_out_02,N5,OH,TYR,73,2.80814
10005673_out_out_01,O3,NZ,LYS,39,2.96788
10005673_out_out_02,O2,O,ARG,74,3.1661
10008418_out_out_01,O8,NZ,LYS,39,3.12873
10008418_out_out_01,O10,NZ,LYS,39,3.10736
10008418_out_out_01,O11,N,ASP,164,2.97567
10008418_out_out_01,O1,OD2,ASP,164,2.9346
10008418_out_out_01,O2,O,GLU,150,2.75989
10008418_out_out_01,O9,OG,SER,17,3.01891
10008418_out_out_02,O12,OH,TYR,73,2.74607
10008418_out_out_02,O1,NZ,LYS,39,3.02089
10008418_out_out_02,O2,OD2,ASP,164,2.9915
9001990_out_out_01,O1,O,GLU,150,3.28307
9001990_out_out_02,O4,N,SER,92,3.25395
9003557_out_out_01,O2,OH,TYR,73,2.84812
9003557_out_out_01,O1,O,ILE,88,2.83773
9003557_out_out_02,O2,OH,TYR,73,2.84729
9003557_out_out_02,O1,O,ILE,88,2.82275
35365_out_out_01,O2,NZ,LYS,39,2.88843
35365_out_out_02,O2,NZ,LYS,39,3.00864
9001475_out_out_01,O1,NZ,LYS,39,2.90864
9001475_out_out_01,N3,OH,TYR,73,3.16063
9001475_out_out_01,O6,OH,TYR,73,2.73731
9001475_out_out_01,O8,NZ,LYS,39,3.1598
9001475_out_out_01,O7,NZ,LYS,39,3.05241
9001475_out_out_02,O4,OH,TYR,73,2.92308
9001475_out_out_02,O3,NZ,LYS,39,3.09367
9001475_out_out_02,O6,N,SER,92,3.08596
9001475_out_out_02,O8,OG,SER,92,2.91452
10008205_out_out_02,O13,OH,TYR,73,2.97681
10008205_out_out_02,O15,OD2,ASP,47,3.06874
10008205_out_out_02,O10,O,ILE,88,3.24961
10008205_out_out_02,O12,O,ILE,88,3.12953
10008205_out_out_01,O14,NZ,LYS,39,3.35962
10008205_out_out_01,O15,N,ASP,164,3.11463
10008205_out_out_01,O3,OH,TYR,73,3.24623
10008205_out_out_01,O8,N,ILE,88,3.41429
10008205_out_out_01,O9,O,ILE,88,2.97979
10010111_out_out_01,O3,O,GLN,86,2.84708
10010111_out_out_01,O2,O,SER,90,3.25046
10010111_out_out_01,O4,NZ,LYS,39,3.08846
10010111_out_out_02,O3,O,GLN,86,2.88183
10010111_out_out_02,O2,N,ASP,164,2.83943
10010111_out_out_02,O1,NZ,LYS,39,2.89788
9002008_out_out_01,O3,OG,SER,90,3.18856
9002008_out_out_01,O1,N,SER,92,3.20642
9002008_out_out_01,O2,O,SER,90,3.24856
9002008_out_out_02,O1,NZ,LYS,39,3.14505
9002008_out_out_02,O2,OD2,ASP,164,3.03848
9003206_out_out_02,O4,NZ,LYS,39,3.11463
9003206_out_out_02,O5,OG,SER,17,3.27288
9003206_out_out_02,N1,NZ,LYS,39,3.13522
9003206_out_out_01,O2,N,ILE,88,2.9426
9003206_out_out_01,O4,OH,TYR,73,2.85095
9003206_out_out_01,O5,OD2,ASP,47,3.45878
9003206_out_out_01,N1,OD2,ASP,47,3.08454
90357_out_out_01,O1,O,ALA,84,3.1126
90357_out_out_02,N1,N,ASP,164,3.40676
90357_out_out_02,O2,NZ,LYS,39,3.09621
90357_out_out_02,O1,OH,TYR,73,2.80846
9002630_out_out_01,O1,O,GLU,150,3.40014
10008335_out_out_01,O1,N,GLN,86,3.24492
10008335_out_out_01,O2,O,ALA,84,2.89553
10008335_out_out_02,O1,N,ASP,164,3.07858
10008335_out_out_02,O2,OH,TYR,73,3.02243
80578_out_out_01,N,OD2,ASP,42,3.11204
80578_out_out_01,O,NZ,LYS,39,3.04319
80578_out_out_01,N,N,SER,92,3.37159
80578_out_out_01,N,O,SER,90,3.23932
80578_out_out_02,O,NZ,LYS,39,3.21833
80578_out_out_02,N,OE1,GLU,150,3.44179
80578_out_out_02,N,OE2,GLU,150,3.09268
10010428_out_out_01,O3,O,SER,90,3.34315
10010428_out_out_01,O4,OG,SER,90,2.85184
10010428_out_out_02,F1,O,GLN,86,2.62546
10010428_out_out_02,O4,OH,TYR,73,2.86649
80689_out_out_01,N,OH,TYR,73,3.35727
80689_out_out_01,N,NZ,LYS,39,3.24884
80689_out_out_01,N,OD2,ASP,164,3.46038
80689_out_out_01,O,OG,SER,17,3.09964
80689_out_out_01,O,O,GLU,150,2.7488
80689_out_out_02,O,O,ILE,88,3.08853
80689_out_out_02,O,OG,SER,92,3.02793
80689_out_out_02,O,OG,SER,92,3.0732
80689_out_out_02,O,OE2,GLU,150,3.25922
80689_out_out_02,O,O,SER,90,3.01529
80689_out_out_02,O,OG,SER,90,2.87141
9001533_out_out_02,O1,NZ,LYS,39,3.35956
90072_out_out_02,N1,OH,TYR,73,3.08969
90072_out_out_02,O1,OH,TYR,73,2.82968
90072_out_out_01,O2,OH,TYR,73,2.7014
90072_out_out_01,O1,NZ,LYS,39,3.04219
16774_out_out_01,N2,O,SER,90,3.21111
16774_out_out_01,O8,OG,SER,90,2.88779
16774_out_out_01,O7,OH,TYR,73,3.15757
16774_out_out_01,O2,N,ILE,88,3.13339
16774_out_out_02,O3,O,SER,90,3.03762
16774_out_out_02,O5,N,SER,92,2.87624
16774_out_out_02,O6,O,SER,90,3.31059
16774_out_out_02,O2,O,GLU,150,3.14995
35334_out_out_01,O2,O,SER,90,3.28979
35334_out_out_01,O13,O,SER,90,3.0801
35334_out_out_01,O5,O,ILE,88,2.69477
35334_out_out_01,O6,N,ILE,88,3.09422
35334_out_out_01,O8,OD1,ASP,164,3.34035
35334_out_out_01,O9,NZ,LYS,39,3.21528
35334_out_out_02,O12,O,SER,90,2.82044
35334_out_out_02,O8,NZ,LYS,39,3.26306
35334_out_out_02,O9,OD1,ASP,164,2.87524
35334_out_out_02,O7,OD2,ASP,47,3.22172
10009584_out_out_01,O5,NZ,LYS,39,3.17404
10009584_out_out_01,O6,OD2,ASP,47,2.78317
10009584_out_out_01,O3,O,GLU,150,3.28768
10009584_out_out_01,O2,NZ,LYS,39,3.40547
10009584_out_out_02,O5,O,SER,90,2.98752
10009584_out_out_02,O6,O,ILE,88,2.87164
10009584_out_out_02,O2,O,ILE,88,3.14082
9003320_out_out_01,O1,N,ASP,164,3.07821
9003320_out_out_01,O2,OH,TYR,73,2.97328
9003320_out_out_02,O1,OD2,ASP,47,3.47482
9003320_out_out_02,O2,OH,TYR,73,2.85892
9002314_out_out_01,N1,NZ,LYS,39,3.23154
9002314_out_out_01,O1,NZ,LYS,39,3.05674
9002314_out_out_01,O7,OH,TYR,73,2.83629
9002314_out_out_01,O3,OD2,ASP,164,2.72082
9002314_out_out_01,O4,OD2,ASP,164,2.82269
9002314_out_out_02,N1,O,ILE,88,3.15943
9002314_out_out_02,O1,N,ILE,88,2.83657
9002314_out_out_02,O7,OG,SER,90,3.20042
9002314_out_out_02,O2,NZ,LYS,39,3.23866
9002314_out_out_02,O3,OD1,ASP,47,3.00519
9002314_out_out_02,O4,NZ,LYS,39,3.03634
9002314_out_out_02,O6,OD2,ASP,47,3.16141
9002314_out_out_02,O5,N,ASP,164,2.95549
80965_out_out_02,F,O,ILE,88,3.16433
80965_out_out_02,N,NZ,LYS,39,3.26528
80965_out_out_01,F,O,ILE,88,2.8537
80965_out_out_01,N,NZ,LYS,39,3.16863
80965_out_out_01,N,NZ,LYS,39,3.3469
80965_out_out_01,N,OD2,ASP,47,3.47495
80965_out_out_01,N,OH,TYR,73,3.40689
9000630_out_out_01,N1,O,GLU,150,3.1023
9000630_out_out_01,O1,OD2,ASP,164,3.39497
9000630_out_out_01,O2,NZ,LYS,39,3.12014
9000630_out_out_02,N1,O,GLU,150,2.89214
9000630_out_out_02,O2,O,SER,90,2.86588
